SampleID	BarcodeSequence	LinkerPrimerSequence	ReversePrimer	PrimerName	Description
Mock.1	AGACAGCG	GAACGCAGCRAAIIGYGA	TCCTCCGCTTATTGATATGC	fITS9f-ITS4r	Artificial equal concentration
Mock.2	ACGAGTCG	GAACGCAGCRAAIIGYGA	TCCTCCGCTTATTGATATGC	fITS9f-ITS4r	Artificial equal concentration
Mock.3	TCACTCAG	GAACGCAGCRAAIIGYGA	TCCTCCGCTTATTGATATGC	fITS9f-ITS4r	Artificial equal concentration
Mock.4	ACGCATGC	GAACGCAGCRAAIIGYGA	TCCTCCGCTTATTGATATGC	fITS9f-ITS4r	Artificial equal concentration
Mock.5	ACTCACGC	GAACGCAGCRAAIIGYGA	TCCTCCGCTTATTGATATGC	fITS9f-ITS4r	Artificial equal concentration
Mock.6	TACGATAG	GAACGCAGCRAAIIGYGA	TCCTCCGCTTATTGATATGC	fITS9f-ITS4r	Artificial equal concentration
Mock.7	AGCGCTAG	GAACGCAGCRAAIIGYGA	TCCTCCGCTTATTGATATGC	fITS9f-ITS4r	Artificial equal concentration
Mock.8	ACGTCTGA	GAACGCAGCRAAIIGYGA	TCCTCCGCTTATTGATATGC	fITS9f-ITS4r	Artificial equal concentration
Mock.9	CGATCTGC	GAACGCAGCRAAIIGYGA	TCCTCCGCTTATTGATATGC	fITS9f-ITS4r	Artificial equal concentration
Mock.10	ACGCTACG	GAACGCAGCRAAIIGYGA	TCCTCCGCTTATTGATATGC	fITS9f-ITS4r	Artificial equal concentration
Mock.11	AGCGTACA	GAACGCAGCRAAIIGYGA	TCCTCCGCTTATTGATATGC	fITS9f-ITS4r	Artificial equal concentration
Mock.12	CGTGTACA	GAACGCAGCRAAIIGYGA	TCCTCCGCTTATTGATATGC	fITS9f-ITS4r	Artificial equal concentration
Mock.13	TCTACTAG	GAACGCAGCRAAIIGYGA	TCCTCCGCTTATTGATATGC	fITS9f-ITS4r	Artificial equal concentration
Mock.14	TGCGATAC	GAACGCAGCRAAIIGYGA	TCCTCCGCTTATTGATATGC	fITS9f-ITS4r	Artificial equal concentration
Mock.15	ACAGCGAC	GAACGCAGCRAAIIGYGA	TCCTCCGCTTATTGATATGC	fITS9f-ITS4r	Artificial equal concentration
Mock.16	TGTGACGA	GAACGCAGCRAAIIGYGA	TCCTCCGCTTATTGATATGC	fITS9f-ITS4r	Artificial equal concentration
Mock.17	AGTAGTCA	GAACGCAGCRAAIIGYGA	TCCTCCGCTTATTGATATGC	fITS9f-ITS4r	Artificial equal concentration
Mock.18	ATGTGCAG	GAACGCAGCRAAIIGYGA	TCCTCCGCTTATTGATATGC	fITS9f-ITS4r	Artificial equal concentration
Mock.19	ACATGCGC	GAACGCAGCRAAIIGYGA	TCCTCCGCTTATTGATATGC	fITS9f-ITS4r	Artificial equal concentration
Mock.20	CTATCTGA	GAACGCAGCRAAIIGYGA	TCCTCCGCTTATTGATATGC	fITS9f-ITS4r	Artificial equal concentration
Mock.21	AGTCATCA	GAACGCAGCRAAIIGYGA	TCCTCCGCTTATTGATATGC	fITS9f-ITS4r	Artificial unequal concentration
Mock.22	ACAGTACA	GAACGCAGCRAAIIGYGA	TCCTCCGCTTATTGATATGC	fITS9f-ITS4r	Artificial unequal concentration
Mock.23	ACACGCAC	GAACGCAGCRAAIIGYGA	TCCTCCGCTTATTGATATGC	fITS9f-ITS4r	Artificial unequal concentration
Mock.24	ACACAGAG	GAACGCAGCRAAIIGYGA	TCCTCCGCTTATTGATATGC	fITS9f-ITS4r	Artificial unequal concentration
Mock.25	TCAGACGA	GAACGCAGCRAAIIGYGA	TCCTCCGCTTATTGATATGC	fITS9f-ITS4r	Artificial unequal concentration
Mock.26	AGACACAC	GAACGCAGCRAAIIGYGA	TCCTCCGCTTATTGATATGC	fITS9f-ITS4r	Artificial unequal concentration
Mock.27	CATGATCA	GAACGCAGCRAAIIGYGA	TCCTCCGCTTATTGATATGC	fITS9f-ITS4r	Artificial unequal concentration
Mock.28	CATCTCAC	GAACGCAGCRAAIIGYGA	TCCTCCGCTTATTGATATGC	fITS9f-ITS4r	Artificial unequal concentration
Mock.29	ACACTCGC	GAACGCAGCRAAIIGYGA	TCCTCCGCTTATTGATATGC	fITS9f-ITS4r	Artificial unequal concentration
Mock.30	ACAGAGCG	GAACGCAGCRAAIIGYGA	TCCTCCGCTTATTGATATGC	fITS9f-ITS4r	Artificial unequal concentration
Mock.31	CATACAGA	GAACGCAGCRAAIIGYGA	TCCTCCGCTTATTGATATGC	fITS9f-ITS4r	Artificial unequal concentration
Mock.32	TCACAGAC	GAACGCAGCRAAIIGYGA	TCCTCCGCTTATTGATATGC	fITS9f-ITS4r	Artificial unequal concentration
Mock.33	TGACAGCA	GAACGCAGCRAAIIGYGA	TCCTCCGCTTATTGATATGC	fITS9f-ITS4r	Artificial unequal concentration
Mock.34	CAGCTAGC	GAACGCAGCRAAIIGYGA	TCCTCCGCTTATTGATATGC	fITS9f-ITS4r	Artificial unequal concentration
Mock.35	ATCTCGCG	GAACGCAGCRAAIIGYGA	TCCTCCGCTTATTGATATGC	fITS9f-ITS4r	Artificial unequal concentration
Mock.36	TCATAGAG	GAACGCAGCRAAIIGYGA	TCCTCCGCTTATTGATATGC	fITS9f-ITS4r	Artificial unequal concentration
Mock.37	AGTACGAG	GAACGCAGCRAAIIGYGA	TCCTCCGCTTATTGATATGC	fITS9f-ITS4r	Artificial unequal concentration
Mock.38	TGTCAGAG	GAACGCAGCRAAIIGYGA	TCCTCCGCTTATTGATATGC	fITS9f-ITS4r	Artificial unequal concentration
Mock.39	TAGTGAGC	GAACGCAGCRAAIIGYGA	TCCTCCGCTTATTGATATGC	fITS9f-ITS4r	Artificial unequal concentration
Mock.40	CGAGATGC	GAACGCAGCRAAIIGYGA	TCCTCCGCTTATTGATATGC	fITS9f-ITS4r	Artificial unequal concentration
Mock.41	CGAGACAC	CTTGGTCATTTAGAGGAAGTAA	TCCTCCGCTTATTGATATGC	ITS1f-ITS4r	Artificial equal concentration
Mock.42	TGTGCTGA	CTTGGTCATTTAGAGGAAGTAA	TCCTCCGCTTATTGATATGC	ITS1f-ITS4r	Artificial equal concentration
Mock.43	AGATAGAG	CTTGGTCATTTAGAGGAAGTAA	TCCTCCGCTTATTGATATGC	ITS1f-ITS4r	Artificial equal concentration
Mock.44	ATCACTAC	CTTGGTCATTTAGAGGAAGTAA	TCCTCCGCTTATTGATATGC	ITS1f-ITS4r	Artificial equal concentration
Mock.45	AGTATGCA	CTTGGTCATTTAGAGGAAGTAA	TCCTCCGCTTATTGATATGC	ITS1f-ITS4r	Artificial equal concentration
Mock.46	CATGCACA	CTTGGTCATTTAGAGGAAGTAA	TCCTCCGCTTATTGATATGC	ITS1f-ITS4r	Artificial equal concentration
Mock.47	CGTATGCG	CTTGGTCATTTAGAGGAAGTAA	TCCTCCGCTTATTGATATGC	ITS1f-ITS4r	Artificial equal concentration
Mock.48	AGATGACG	CTTGGTCATTTAGAGGAAGTAA	TCCTCCGCTTATTGATATGC	ITS1f-ITS4r	Artificial equal concentration
Mock.49	TATGTAGC	CTTGGTCATTTAGAGGAAGTAA	TCCTCCGCTTATTGATATGC	ITS1f-ITS4r	Artificial equal concentration
Mock.50	TGCACTAG	CTTGGTCATTTAGAGGAAGTAA	TCCTCCGCTTATTGATATGC	ITS1f-ITS4r	Artificial equal concentration
Mock.51	TCTGCTAC	CTTGGTCATTTAGAGGAAGTAA	TCCTCCGCTTATTGATATGC	ITS1f-ITS4r	Artificial equal concentration
Mock.52	AGCAGTCG	CTTGGTCATTTAGAGGAAGTAA	TCCTCCGCTTATTGATATGC	ITS1f-ITS4r	Artificial equal concentration
Mock.53	CGACTAGA	CTTGGTCATTTAGAGGAAGTAA	TCCTCCGCTTATTGATATGC	ITS1f-ITS4r	Artificial equal concentration
Mock.54	CGTAGAGC	CTTGGTCATTTAGAGGAAGTAA	TCCTCCGCTTATTGATATGC	ITS1f-ITS4r	Artificial equal concentration
Mock.55	TAGATCAC	CTTGGTCATTTAGAGGAAGTAA	TCCTCCGCTTATTGATATGC	ITS1f-ITS4r	Artificial equal concentration
Mock.56	TATCTACG	CTTGGTCATTTAGAGGAAGTAA	TCCTCCGCTTATTGATATGC	ITS1f-ITS4r	Artificial equal concentration
Mock.57	ACATAGAC	CTTGGTCATTTAGAGGAAGTAA	TCCTCCGCTTATTGATATGC	ITS1f-ITS4r	Artificial equal concentration
Mock.58	CTCACACG	CTTGGTCATTTAGAGGAAGTAA	TCCTCCGCTTATTGATATGC	ITS1f-ITS4r	Artificial equal concentration
Mock.59	TACGCACA	CTTGGTCATTTAGAGGAAGTAA	TCCTCCGCTTATTGATATGC	ITS1f-ITS4r	Artificial equal concentration
Mock.60	TCTCTCGC	CTTGGTCATTTAGAGGAAGTAA	TCCTCCGCTTATTGATATGC	ITS1f-ITS4r	Artificial equal concentration
Mock.61	CAGAGAGC	CTTGGTCATTTAGAGGAAGTAA	TCCTCCGCTTATTGATATGC	ITS1f-ITS4r	Artificial unequal concentration
Mock.62	AGACTGAG	CTTGGTCATTTAGAGGAAGTAA	TCCTCCGCTTATTGATATGC	ITS1f-ITS4r	Artificial unequal concentration
Mock.63	CGTGCTAG	CTTGGTCATTTAGAGGAAGTAA	TCCTCCGCTTATTGATATGC	ITS1f-ITS4r	Artificial unequal concentration
Mock.64	TATCTCAG	CTTGGTCATTTAGAGGAAGTAA	TCCTCCGCTTATTGATATGC	ITS1f-ITS4r	Artificial unequal concentration
Mock.65	TATAGCAC	CTTGGTCATTTAGAGGAAGTAA	TCCTCCGCTTATTGATATGC	ITS1f-ITS4r	Artificial unequal concentration
Mock.66	AGTGCACG	CTTGGTCATTTAGAGGAAGTAA	TCCTCCGCTTATTGATATGC	ITS1f-ITS4r	Artificial unequal concentration
Mock.67	ACACTGAC	CTTGGTCATTTAGAGGAAGTAA	TCCTCCGCTTATTGATATGC	ITS1f-ITS4r	Artificial unequal concentration
Mock.68	ACTATAGC	CTTGGTCATTTAGAGGAAGTAA	TCCTCCGCTTATTGATATGC	ITS1f-ITS4r	Artificial unequal concentration
Mock.69	TCTCACGA	CTTGGTCATTTAGAGGAAGTAA	TCCTCCGCTTATTGATATGC	ITS1f-ITS4r	Artificial unequal concentration
Mock.70	TCGAGAGA	CTTGGTCATTTAGAGGAAGTAA	TCCTCCGCTTATTGATATGC	ITS1f-ITS4r	Artificial unequal concentration
Mock.71	ACGCAGAC	CTTGGTCATTTAGAGGAAGTAA	TCCTCCGCTTATTGATATGC	ITS1f-ITS4r	Artificial unequal concentration
Mock.72	CACTGAGA	CTTGGTCATTTAGAGGAAGTAA	TCCTCCGCTTATTGATATGC	ITS1f-ITS4r	Artificial unequal concentration
Mock.73	AGTATACG	CTTGGTCATTTAGAGGAAGTAA	TCCTCCGCTTATTGATATGC	ITS1f-ITS4r	Artificial unequal concentration
Mock.74	CATCATGA	CTTGGTCATTTAGAGGAAGTAA	TCCTCCGCTTATTGATATGC	ITS1f-ITS4r	Artificial unequal concentration
Mock.75	TAGAGTAG	CTTGGTCATTTAGAGGAAGTAA	TCCTCCGCTTATTGATATGC	ITS1f-ITS4r	Artificial unequal concentration
Mock.76	ACGATACA	CTTGGTCATTTAGAGGAAGTAA	TCCTCCGCTTATTGATATGC	ITS1f-ITS4r	Artificial unequal concentration
Mock.77	TCTATACG	CTTGGTCATTTAGAGGAAGTAA	TCCTCCGCTTATTGATATGC	ITS1f-ITS4r	Artificial unequal concentration
Mock.78	CATAGTGA	CTTGGTCATTTAGAGGAAGTAA	TCCTCCGCTTATTGATATGC	ITS1f-ITS4r	Artificial unequal concentration
Mock.79	ACTGTCGA	CTTGGTCATTTAGAGGAAGTAA	TCCTCCGCTTATTGATATGC	ITS1f-ITS4r	Artificial unequal concentration
Mock.80	TGCAGACA	CTTGGTCATTTAGAGGAAGTAA	TCCTCCGCTTATTGATATGC	ITS1f-ITS4r	Artificial unequal concentration
Mock.81	ACTCTGCG	GTGARTCATCGARTCTTTG	TCCTCCGCTTATTGATATGC	gITS7f-ITS4r	Artificial equal concentration
Mock.82	TCTCGAGA	GTGARTCATCGARTCTTTG	TCCTCCGCTTATTGATATGC	gITS7f-ITS4r	Artificial equal concentration
Mock.83	TAGAGCGA	GTGARTCATCGARTCTTTG	TCCTCCGCTTATTGATATGC	gITS7f-ITS4r	Artificial equal concentration
Mock.84	TATGCGCG	GTGARTCATCGARTCTTTG	TCCTCCGCTTATTGATATGC	gITS7f-ITS4r	Artificial equal concentration
Mock.85	TACGACGA	GTGARTCATCGARTCTTTG	TCCTCCGCTTATTGATATGC	gITS7f-ITS4r	Artificial equal concentration
Mock.86	TCGTATAG	GTGARTCATCGARTCTTTG	TCCTCCGCTTATTGATATGC	gITS7f-ITS4r	Artificial equal concentration
Mock.87	TACTGTAC	GTGARTCATCGARTCTTTG	TCCTCCGCTTATTGATATGC	gITS7f-ITS4r	Artificial equal concentration
Mock.88	TCTGTCAG	GTGARTCATCGARTCTTTG	TCCTCCGCTTATTGATATGC	gITS7f-ITS4r	Artificial equal concentration
Mock.89	TAGCACGA	GTGARTCATCGARTCTTTG	TCCTCCGCTTATTGATATGC	gITS7f-ITS4r	Artificial equal concentration
Mock.90	TAGTACGC	GTGARTCATCGARTCTTTG	TCCTCCGCTTATTGATATGC	gITS7f-ITS4r	Artificial equal concentration
Mock.91	ACGTGCGA	GTGARTCATCGARTCTTTG	TCCTCCGCTTATTGATATGC	gITS7f-ITS4r	Artificial equal concentration
Mock.92	CGTACACG	GTGARTCATCGARTCTTTG	TCCTCCGCTTATTGATATGC	gITS7f-ITS4r	Artificial equal concentration
Mock.93	CGATGTCA	GTGARTCATCGARTCTTTG	TCCTCCGCTTATTGATATGC	gITS7f-ITS4r	Artificial equal concentration
Mock.94	ACACATAC	GTGARTCATCGARTCTTTG	TCCTCCGCTTATTGATATGC	gITS7f-ITS4r	Artificial equal concentration
Mock.95	TCTCAGCA	GTGARTCATCGARTCTTTG	TCCTCCGCTTATTGATATGC	gITS7f-ITS4r	Artificial equal concentration
Mock.96	TAGTCTCG	GTGARTCATCGARTCTTTG	TCCTCCGCTTATTGATATGC	gITS7f-ITS4r	Artificial equal concentration
Mock.97	TAGACTAC	GTGARTCATCGARTCTTTG	TCCTCCGCTTATTGATATGC	gITS7f-ITS4r	Artificial equal concentration
Mock.98	TCTATGCA	GTGARTCATCGARTCTTTG	TCCTCCGCTTATTGATATGC	gITS7f-ITS4r	Artificial equal concentration
Mock.99	TCTGTGCG	GTGARTCATCGARTCTTTG	TCCTCCGCTTATTGATATGC	gITS7f-ITS4r	Artificial equal concentration
Mock.100	TCTAGACA	GTGARTCATCGARTCTTTG	TCCTCCGCTTATTGATATGC	gITS7f-ITS4r	Artificial equal concentration
Mock.101	ACTAGCGC	GTGARTCATCGARTCTTTG	TCCTCCGCTTATTGATATGC	gITS7f-ITS4r	Artificial unequal concentration
Mock.102	TAGCTGAC	GTGARTCATCGARTCTTTG	TCCTCCGCTTATTGATATGC	gITS7f-ITS4r	Artificial unequal concentration
Mock.103	TACATACG	GTGARTCATCGARTCTTTG	TCCTCCGCTTATTGATATGC	gITS7f-ITS4r	Artificial unequal concentration
Mock.104	TACTCGAC	GTGARTCATCGARTCTTTG	TCCTCCGCTTATTGATATGC	gITS7f-ITS4r	Artificial unequal concentration
Mock.105	TATACGAC	GTGARTCATCGARTCTTTG	TCCTCCGCTTATTGATATGC	gITS7f-ITS4r	Artificial unequal concentration
Mock.106	TACGTGAC	GTGARTCATCGARTCTTTG	TCCTCCGCTTATTGATATGC	gITS7f-ITS4r	Artificial unequal concentration
Mock.107	TCTAGCGA	GTGARTCATCGARTCTTTG	TCCTCCGCTTATTGATATGC	gITS7f-ITS4r	Artificial unequal concentration
Mock.108	TACACGCG	GTGARTCATCGARTCTTTG	TCCTCCGCTTATTGATATGC	gITS7f-ITS4r	Artificial unequal concentration
Mock.109	TAGACAGA	GTGARTCATCGARTCTTTG	TCCTCCGCTTATTGATATGC	gITS7f-ITS4r	Artificial unequal concentration
Mock.110	TACATCAG	GTGARTCATCGARTCTTTG	TCCTCCGCTTATTGATATGC	gITS7f-ITS4r	Artificial unequal concentration
Mock.111	TACTGCAG	GTGARTCATCGARTCTTTG	TCCTCCGCTTATTGATATGC	gITS7f-ITS4r	Artificial unequal concentration
Mock.112	TCAGAGCA	GTGARTCATCGARTCTTTG	TCCTCCGCTTATTGATATGC	gITS7f-ITS4r	Artificial unequal concentration
Mock.113	AGAGATAC	GTGARTCATCGARTCTTTG	TCCTCCGCTTATTGATATGC	gITS7f-ITS4r	Artificial unequal concentration
Mock.114	TACTCTAG	GTGARTCATCGARTCTTTG	TCCTCCGCTTATTGATATGC	gITS7f-ITS4r	Artificial unequal concentration
Mock.115	TCGACACA	GTGARTCATCGARTCTTTG	TCCTCCGCTTATTGATATGC	gITS7f-ITS4r	Artificial unequal concentration
Mock.116	TACGAGCA	GTGARTCATCGARTCTTTG	TCCTCCGCTTATTGATATGC	gITS7f-ITS4r	Artificial unequal concentration
Mock.117	TCTCGTAC	GTGARTCATCGARTCTTTG	TCCTCCGCTTATTGATATGC	gITS7f-ITS4r	Artificial unequal concentration
Mock.118	TCTCTGAC	GTGARTCATCGARTCTTTG	TCCTCCGCTTATTGATATGC	gITS7f-ITS4r	Artificial unequal concentration
Mock.119	TAGTAGAC	GTGARTCATCGARTCTTTG	TCCTCCGCTTATTGATATGC	gITS7f-ITS4r	Artificial unequal concentration
Mock.120	TAGCAGCA	GTGARTCATCGARTCTTTG	TCCTCCGCTTATTGATATGC	gITS7f-ITS4r	Artificial unequal concentration
Mock.121	CGTCTCAG	GAACGCAGCRAAIIGYGA	TCCTCCGCTTATTGATATGC	fITS9f-ITS4r	Single species Rhizina
Mock.122	ATAGCTCA	GAACGCAGCRAAIIGYGA	TCCTCCGCTTATTGATATGC	fITS9f-ITS4r	Single species Umbelopsis
Mock.123	AGCTGCGA	CTTGGTCATTTAGAGGAAGTAA	TCCTCCGCTTATTGATATGC	ITS1f-ITS4r	Single species Mucor
Mock.124	AGTCTACA	GAACGCAGCRAAIIGYGA	TCCTCCGCTTATTGATATGC	fITS9f-ITS4r	Single species Hymenoscyphus
Mock.125	CAGTCAGA	GAACGCAGCRAAIIGYGA	TCCTCCGCTTATTGATATGC	fITS9f-ITS4r	Single species Fusarium
Mock.126	CGCACAGA	GAACGCAGCRAAIIGYGA	TCCTCCGCTTATTGATATGC	fITS9f-ITS4r	Single species Debaromyces
Mock.127	TGCATCAC	GAACGCAGCRAAIIGYGA	TCCTCCGCTTATTGATATGC	fITS9f-ITS4r	Single species Sistotrema
Mock.128	CGCTGACA	GAACGCAGCRAAIIGYGA	TCCTCCGCTTATTGATATGC	fITS9f-ITS4r	Single species Archaerhizomyces
Mock.129	ATCGTGAG	CTTGGTCATTTAGAGGAAGTAA	TCCTCCGCTTATTGATATGC	ITS1f-ITS4r	Single species Cortinarius
Mock.130	ACGCGTAG	CTTGGTCATTTAGAGGAAGTAA	TCCTCCGCTTATTGATATGC	ITS1f-ITS4r	Single species Melampsora
Mock.131	TGAGCAGA	CTTGGTCATTTAGAGGAAGTAA	TCCTCCGCTTATTGATATGC	ITS1f-ITS4r	Single species Amanita
